ALTER SESSION SET NLS_DATE_FORMAT='YYYY-MM-DD HH24:MI:SS';

INSERT INTO COPA(ANO) VALUES ('2014');

INSERT INTO PAIS(COPA_ANO, NOME) VALUES ('2014', 'Brasil');

INSERT INTO PATROCINADOR(CNPJ) VALUES('12345678901234');
INSERT INTO PATROCINADOR(CNPJ) VALUES('98765432101234');

INSERT INTO FEDERACAO(ID, DIRIGENTE_ID) VALUES ('1', '1');
INSERT INTO FEDERACAO(ID, DIRIGENTE_ID) VALUES ('2', '2');
INSERT INTO FEDERACAO(ID, DIRIGENTE_ID) VALUES ('3', '3');
INSERT INTO FEDERACAO(ID, DIRIGENTE_ID) VALUES ('4', '4');

INSERT INTO FEDERACAO(ID, DIRIGENTE_ID) VALUES ('5', '5');
INSERT INTO FEDERACAO(ID, DIRIGENTE_ID) VALUES ('6', '6');
INSERT INTO FEDERACAO(ID, DIRIGENTE_ID) VALUES ('7', '7');
INSERT INTO FEDERACAO(ID, DIRIGENTE_ID) VALUES ('8', '8');

INSERT INTO SELECAO(FEDERACAO_ID, CODIGO, UNIFORME_PRINCIPAL, UNIFORME_SECUNDARIO) VALUES ('1', 'BRA', 'Amarelo', 'Azul');
INSERT INTO SELECAO(FEDERACAO_ID, CODIGO, UNIFORME_PRINCIPAL, UNIFORME_SECUNDARIO) VALUES ('2', 'GER', 'Branco', 'Preto');
INSERT INTO SELECAO(FEDERACAO_ID, CODIGO, UNIFORME_PRINCIPAL, UNIFORME_SECUNDARIO) VALUES ('3', 'ESP', 'Vermelho', 'Azul');
INSERT INTO SELECAO(FEDERACAO_ID, CODIGO, UNIFORME_PRINCIPAL, UNIFORME_SECUNDARIO) VALUES ('4', 'ENG', 'Branco', 'Vermelho');

INSERT INTO SELECAO(FEDERACAO_ID, CODIGO, UNIFORME_PRINCIPAL, UNIFORME_SECUNDARIO) VALUES ('5', 'ARG', 'Azul e Branco', 'Preto');
INSERT INTO SELECAO(FEDERACAO_ID, CODIGO, UNIFORME_PRINCIPAL, UNIFORME_SECUNDARIO) VALUES ('6', 'FRA', 'Azul', 'Branco');
INSERT INTO SELECAO(FEDERACAO_ID, CODIGO, UNIFORME_PRINCIPAL, UNIFORME_SECUNDARIO) VALUES ('7', 'ITA', 'Azul', 'Branco');
INSERT INTO SELECAO(FEDERACAO_ID, CODIGO, UNIFORME_PRINCIPAL, UNIFORME_SECUNDARIO) VALUES ('8', 'POR', 'Vermelho', 'Verde');

INSERT INTO ESTADIO(NOME, END_RUA, END_NUM, END_CIDADE) VALUES ('Maracanã', 'Rua Professor Eurico Rabelo', 45, 'Rio de Janeiro');
INSERT INTO ESTADIO(NOME, END_RUA, END_NUM, END_CIDADE) VALUES ('Mineirão', 'Av. Antônio Abrahão Caram', 1001, 'Belo Horizonte');
INSERT INTO ESTADIO(NOME, END_RUA, END_NUM, END_CIDADE) VALUES ('Morumbi', 'Praça Roberto Gomes Pedrosa', 1, 'São Paulo');
INSERT INTO ESTADIO(NOME, END_RUA, END_NUM, END_CIDADE) VALUES ('Beira-Rio', 'Avenida Padre Cacique', 891, 'Porto Alegre');

INSERT INTO PARTIDA(COPA_ANO, NUMERO, FASE, RESULTADO, DATA_HORA, SELECAO_MANDANTE_COD, SELECAO_VISITANTE_COD, ESTADIO_NOME) VALUES ('2014', 1, 'fase de grupos', '1x0', TO_TIMESTAMP('2014-06-08 17:00:00', 'YYYY-MM-DD HH24:MI:SS'), 'BRA', 'POR', 'Maracanã');
INSERT INTO PARTIDA(COPA_ANO, NUMERO, FASE, RESULTADO, DATA_HORA, SELECAO_MANDANTE_COD, SELECAO_VISITANTE_COD, ESTADIO_NOME) VALUES ('2014', 2, 'fase de grupos', '6x5', TO_TIMESTAMP('2014-06-08 21:00:00', 'YYYY-MM-DD HH24:MI:SS'), 'GER', 'ITA', 'Mineirão');
INSERT INTO PARTIDA(COPA_ANO, NUMERO, FASE, RESULTADO, DATA_HORA, SELECAO_MANDANTE_COD, SELECAO_VISITANTE_COD, ESTADIO_NOME) VALUES ('2014', 3, 'fase de grupos', '2x3', TO_TIMESTAMP('2014-06-10 18:00:00', 'YYYY-MM-DD HH24:MI:SS'), 'ARG', 'ENG', 'Morumbi');
INSERT INTO PARTIDA(COPA_ANO, NUMERO, FASE, RESULTADO, DATA_HORA, SELECAO_MANDANTE_COD, SELECAO_VISITANTE_COD, ESTADIO_NOME) VALUES ('2014', 4, 'fase de grupos', '1x2', TO_TIMESTAMP('2014-06-10 13:30:00', 'YYYY-MM-DD HH24:MI:SS'), 'ITA', 'ESP', 'Beira-Rio');

INSERT INTO PARTIDA(COPA_ANO, NUMERO, FASE, RESULTADO, DATA_HORA, SELECAO_MANDANTE_COD, SELECAO_VISITANTE_COD, ESTADIO_NOME) VALUES ('2014', 5, 'semi final', '7x1', TO_TIMESTAMP('2014-06-12 17:00:00', 'YYYY-MM-DD HH24:MI:SS'), 'BRA', 'GER', 'Maracanã');
INSERT INTO PARTIDA(COPA_ANO, NUMERO, FASE, RESULTADO, DATA_HORA, SELECAO_MANDANTE_COD, SELECAO_VISITANTE_COD, ESTADIO_NOME) VALUES ('2014', 6, 'semi final', '2x1', TO_TIMESTAMP('2014-06-12 21:00:00', 'YYYY-MM-DD HH24:MI:SS'), 'ESP', 'ENG', 'Mineirão');
INSERT INTO PARTIDA(COPA_ANO, NUMERO, FASE, RESULTADO, DATA_HORA, SELECAO_MANDANTE_COD, SELECAO_VISITANTE_COD, ESTADIO_NOME) VALUES ('2014', 8, 'final', '4x2', TO_TIMESTAMP('2014-06-15 18:00:00', 'YYYY-MM-DD HH24:MI:SS'), 'BRA', 'ESP', 'Morumbi');
INSERT INTO PARTIDA(COPA_ANO, NUMERO, FASE, RESULTADO, DATA_HORA, SELECAO_MANDANTE_COD, SELECAO_VISITANTE_COD, ESTADIO_NOME) VALUES ('2014', 7, '3º lugar', '2x0', TO_TIMESTAMP('2014-06-14 13:30:00', 'YYYY-MM-DD HH24:MI:SS'), 'ENG', 'GER', 'Beira-Rio');

INSERT INTO TECNICO (ID_FIFA, SALARIO, NOME) VALUES ('0001', 15000.00, 'João Silva');
INSERT INTO TECNICO (ID_FIFA, SALARIO, NOME) VALUES ('0002', 20000.00, 'Maria Santos');
INSERT INTO TECNICO (ID_FIFA, SALARIO, NOME) VALUES ('0003', 18000.00, 'Pedro Rodrigues');
INSERT INTO TECNICO (ID_FIFA, SALARIO, NOME) VALUES ('0004', 25000.00, 'Ana Oliveira');
INSERT INTO TECNICO (ID_FIFA, SALARIO, NOME) VALUES ('0005', 15000.00, 'Luiz Carlos');
INSERT INTO TECNICO (ID_FIFA, SALARIO, NOME) VALUES ('0006', 20000.00, 'Lucinda Maria');
INSERT INTO TECNICO (ID_FIFA, SALARIO, NOME) VALUES ('0007', 18000.00, 'Maria Eduarda');
INSERT INTO TECNICO (ID_FIFA, SALARIO, NOME) VALUES ('0008', 25000.00, 'Yasmin Maria');

INSERT INTO JOGADOR(ID_FIFA, SALARIO, NOME, FUNCAO) VALUES ('0009', 150000.00, 'Ronaldinho', 'Atacante');
INSERT INTO JOGADOR(ID_FIFA, SALARIO, NOME, FUNCAO) VALUES ('0010', 200000.00, 'Neymar', 'Atacante');
INSERT INTO JOGADOR(ID_FIFA, SALARIO, NOME, FUNCAO) VALUES ('0011', 100000.00, 'Coutinho', 'Meia');
INSERT INTO JOGADOR(ID_FIFA, SALARIO, NOME, FUNCAO) VALUES ('0012', 90000.00, 'Firmino', 'Atacante');
INSERT INTO JOGADOR(ID_FIFA, SALARIO, NOME, FUNCAO) VALUES ('0013', 80000.00, 'Marquinhos', 'Zagueiro');
INSERT INTO JOGADOR(ID_FIFA, SALARIO, NOME, FUNCAO) VALUES ('0014', 75000.00, 'Alisson', 'Goleiro');
INSERT INTO JOGADOR(ID_FIFA, SALARIO, NOME, FUNCAO) VALUES ('0015', 70000.00, 'Casemiro', 'Meia');
INSERT INTO JOGADOR(ID_FIFA, SALARIO, NOME, FUNCAO) VALUES ('0016', 85000.00, 'Fernandinho', 'Meia');
INSERT INTO JOGADOR(ID_FIFA, SALARIO, NOME, FUNCAO) VALUES ('0017', 80000.00, 'Marcelo', 'Lateral');
INSERT INTO JOGADOR(ID_FIFA, SALARIO, NOME, FUNCAO) VALUES ('0018', 90000.00, 'Thiago Silva', 'Zagueiro');
INSERT INTO JOGADOR(ID_FIFA, SALARIO, NOME, FUNCAO) VALUES ('0019', 75000.00, 'Gabriel Jesus', 'Atacante');

INSERT INTO JOGADOR(ID_FIFA, SALARIO, NOME, FUNCAO) VALUES ('0020', 100000.00, 'Manuel Neuer', 'Goleiro');
INSERT INTO JOGADOR(ID_FIFA, SALARIO, NOME, FUNCAO) VALUES ('0021', 150000.00, 'Toni Kroos', 'Meia');
INSERT INTO JOGADOR(ID_FIFA, SALARIO, NOME, FUNCAO) VALUES ('0022', 120000.00, 'Thomas Muller', 'Atacante');
INSERT INTO JOGADOR(ID_FIFA, SALARIO, NOME, FUNCAO) VALUES ('0023', 130000.00, 'Mats Hummels', 'Zagueiro');
INSERT INTO JOGADOR(ID_FIFA, SALARIO, NOME, FUNCAO) VALUES ('0024', 90000.00, 'Joshua Kimmich', 'Meia');
INSERT INTO JOGADOR(ID_FIFA, SALARIO, NOME, FUNCAO) VALUES ('0025', 80000.00, 'Gnabry', 'Atacante');
INSERT INTO JOGADOR(ID_FIFA, SALARIO, NOME, FUNCAO) VALUES ('0026', 95000.00, 'Leroy Sane', 'Atacante');
INSERT INTO JOGADOR(ID_FIFA, SALARIO, NOME, FUNCAO) VALUES ('0027', 70000.00, 'Leon Goretzka', 'Meia');
INSERT INTO JOGADOR(ID_FIFA, SALARIO, NOME, FUNCAO) VALUES ('0028', 75000.00, 'Antonio Rudiger', 'Zagueiro');
INSERT INTO JOGADOR(ID_FIFA, SALARIO, NOME, FUNCAO) VALUES ('0029', 85000.00, 'Ilkay Gundogan', 'Meia');
INSERT INTO JOGADOR(ID_FIFA, SALARIO, NOME, FUNCAO) VALUES ('0030', 70000.00, 'Timo Werner', 'Atacante');

INSERT INTO JOGADOR (ID_FIFA, SALARIO, NOME, FUNCAO) VALUES ('0031', 1500000.00, 'Harry Kane', 'Atacante');
INSERT INTO JOGADOR (ID_FIFA, SALARIO, NOME, FUNCAO) VALUES ('0032', 1200000.00, 'Raheem Sterling', 'Atacante');
INSERT INTO JOGADOR (ID_FIFA, SALARIO, NOME, FUNCAO) VALUES ('0033', 1100000.00, 'Jordan Henderson', 'Meio-campo');
INSERT INTO JOGADOR (ID_FIFA, SALARIO, NOME, FUNCAO) VALUES ('0034', 900000.00, 'Harry Maguire', 'Zagueiro');
INSERT INTO JOGADOR (ID_FIFA, SALARIO, NOME, FUNCAO) VALUES ('0035', 800000.00, 'Kyle Walker', 'Lateral-direito');
INSERT INTO JOGADOR (ID_FIFA, SALARIO, NOME, FUNCAO) VALUES ('0036', 750000.00, 'John Stones', 'Zagueiro');
INSERT INTO JOGADOR (ID_FIFA, SALARIO, NOME, FUNCAO) VALUES ('0037', 700000.00, 'Jadon Sancho', 'Atacante');
INSERT INTO JOGADOR (ID_FIFA, SALARIO, NOME, FUNCAO) VALUES ('0038', 650000.00, 'Marcus Rashford', 'Atacante');
INSERT INTO JOGADOR (ID_FIFA, SALARIO, NOME, FUNCAO) VALUES ('0039', 600000.00, 'Declan Rice', 'Meio-campo');
INSERT INTO JOGADOR (ID_FIFA, SALARIO, NOME, FUNCAO) VALUES ('0040', 550000.00, 'Luke Shaw', 'Lateral-esquerdo');
INSERT INTO JOGADOR (ID_FIFA, SALARIO, NOME, FUNCAO) VALUES ('0041', 500000.00, 'Jordan Pickford', 'Goleiro');

INSERT INTO JOGADOR (ID_FIFA, SALARIO, NOME, FUNCAO) VALUES ('0042', 150000, 'Sergio Ramos', 'Zagueiro');
INSERT INTO JOGADOR (ID_FIFA, SALARIO, NOME, FUNCAO) VALUES ('0043', 130000, 'Gerard Piqué', 'Zagueiro');
INSERT INTO JOGADOR (ID_FIFA, SALARIO, NOME, FUNCAO) VALUES('0044', 170000, 'Jordi Alba', 'Lateral Esquerdo');
INSERT INTO JOGADOR (ID_FIFA, SALARIO, NOME, FUNCAO) VALUES('0045', 120000, 'Sergio Busquets', 'Volante');
INSERT INTO JOGADOR (ID_FIFA, SALARIO, NOME, FUNCAO) VALUES('0046', 180000, 'David Silva', 'Meio-Campo');
INSERT INTO JOGADOR (ID_FIFA, SALARIO, NOME, FUNCAO) VALUES('0047', 110000, 'Isco', 'Meia-atacante');
INSERT INTO JOGADOR (ID_FIFA, SALARIO, NOME, FUNCAO) VALUES('0048', 160000, 'Thiago Alcântara', 'Meio-Campo');
INSERT INTO JOGADOR (ID_FIFA, SALARIO, NOME, FUNCAO) VALUES('0049', 190000, 'Marco Asensio', 'Atacante');
INSERT INTO JOGADOR (ID_FIFA, SALARIO, NOME, FUNCAO) VALUES('0050', 140000, 'Álvaro Morata', 'Atacante');
INSERT INTO JOGADOR (ID_FIFA, SALARIO, NOME, FUNCAO) VALUES('0051', 100000, 'Iago Aspas', 'Atacante');
INSERT INTO JOGADOR (ID_FIFA, SALARIO, NOME, FUNCAO) VALUES('0052', 150000, 'Koke', 'Meio-Campo');

INSERT INTO JOGADOR (ID_FIFA, SALARIO, NOME, FUNCAO) VALUES ('0053', 200000, 'Lionel Messi', 'Atacante');
INSERT INTO JOGADOR (ID_FIFA, SALARIO, NOME, FUNCAO) VALUES ('0054', 180000, 'Sergio Agüero', 'Atacante');
INSERT INTO JOGADOR (ID_FIFA, SALARIO, NOME, FUNCAO) VALUES('0055', 170000, 'Paulo Dybala', 'Atacante');
INSERT INTO JOGADOR (ID_FIFA, SALARIO, NOME, FUNCAO) VALUES('0056', 150000, 'Angel Di Maria', 'Meia-atacante');
INSERT INTO JOGADOR (ID_FIFA, SALARIO, NOME, FUNCAO) VALUES('0057', 140000, 'Giovani Lo Celso', 'Meio-Campo');
INSERT INTO JOGADOR (ID_FIFA, SALARIO, NOME, FUNCAO) VALUES('0058', 130000, 'Leandro Paredes', 'Volante');
INSERT INTO JOGADOR (ID_FIFA, SALARIO, NOME, FUNCAO) VALUES('0059', 120000, 'Rodrigo De Paul', 'Meio-Campo');
INSERT INTO JOGADOR (ID_FIFA, SALARIO, NOME, FUNCAO) VALUES('0060', 160000, 'Nicolás Tagliafico', 'Lateral Esquerdo');
INSERT INTO JOGADOR (ID_FIFA, SALARIO, NOME, FUNCAO) VALUES('0061', 110000, 'Gonzalo Montiel', 'Lateral Direito');
INSERT INTO JOGADOR (ID_FIFA, SALARIO, NOME, FUNCAO) VALUES('0062', 100000, 'Nicolás Otamendi', 'Zagueiro');
INSERT INTO JOGADOR (ID_FIFA, SALARIO, NOME, FUNCAO) VALUES('0063', 150000, 'Marcos Acuña', 'Lateral Esquerdo');

INSERT INTO JOGADOR (ID_FIFA, SALARIO, NOME, FUNCAO) VALUES ('0064', 150000, 'Gianluigi Donnarumma', 'Goleiro');
INSERT INTO JOGADOR (ID_FIFA, SALARIO, NOME, FUNCAO) VALUES ('0065', 130000, 'Leonardo Bonucci', 'Zagueiro');
INSERT INTO JOGADOR (ID_FIFA, SALARIO, NOME, FUNCAO) VALUES('0066', 170000, 'Giorgio Chiellini', 'Zagueiro');
INSERT INTO JOGADOR (ID_FIFA, SALARIO, NOME, FUNCAO) VALUES('0067', 120000, 'Leonardo Spinazzola', 'Lateral Esquerdo');
INSERT INTO JOGADOR (ID_FIFA, SALARIO, NOME, FUNCAO) VALUES('0068', 180000, 'Jorginho', 'Volante');
INSERT INTO JOGADOR (ID_FIFA, SALARIO, NOME, FUNCAO) VALUES('0069', 110000, 'Lorenzo Insigne', 'Meia-atacante');
INSERT INTO JOGADOR (ID_FIFA, SALARIO, NOME, FUNCAO) VALUES('0070', 160000, 'Marco Verratti', 'Meio-Campo');
INSERT INTO JOGADOR (ID_FIFA, SALARIO, NOME, FUNCAO) VALUES('0071', 190000, 'Federico Chiesa', 'Atacante');
INSERT INTO JOGADOR (ID_FIFA, SALARIO, NOME, FUNCAO) VALUES('0072', 140000, 'Ciro Immobile', 'Atacante');
INSERT INTO JOGADOR (ID_FIFA, SALARIO, NOME, FUNCAO) VALUES('0073', 100000, 'Andrea Belotti', 'Atacante');
INSERT INTO JOGADOR (ID_FIFA, SALARIO, NOME, FUNCAO) VALUES('0074', 150000, 'Nicolo Barella', 'Meio-Campo');

INSERT INTO JOGADOR (ID_FIFA, SALARIO, NOME, FUNCAO) VALUES('0075', 200000, 'Hugo Lloris', 'Goleiro');
INSERT INTO JOGADOR (ID_FIFA, SALARIO, NOME, FUNCAO) VALUES('0076', 120000, 'Raphaël Varane', 'Zagueiro');
INSERT INTO JOGADOR (ID_FIFA, SALARIO, NOME, FUNCAO) VALUES('0077', 150000, 'Samuel Umtiti', 'Zagueiro');
INSERT INTO JOGADOR (ID_FIFA, SALARIO, NOME, FUNCAO) VALUES('0078', 180000, 'Benjamin Pavard', 'Lateral Direito');
INSERT INTO JOGADOR (ID_FIFA, SALARIO, NOME, FUNCAO) VALUES('0079', 140000, 'Lucas Digne', 'Lateral Esquerdo');
INSERT INTO JOGADOR (ID_FIFA, SALARIO, NOME, FUNCAO) VALUES('0080', 170000, 'NGolo Kanté', 'Volante');
INSERT INTO JOGADOR (ID_FIFA, SALARIO, NOME, FUNCAO) VALUES('0081', 160000, 'Paul Pogba', 'Meio-Campo');
INSERT INTO JOGADOR (ID_FIFA, SALARIO, NOME, FUNCAO) VALUES('0082', 190000, 'Kylian Mbappé', 'Atacante');
INSERT INTO JOGADOR (ID_FIFA, SALARIO, NOME, FUNCAO) VALUES('0083', 120000, 'Ousmane Dembélé', 'Atacante');
INSERT INTO JOGADOR (ID_FIFA, SALARIO, NOME, FUNCAO) VALUES('0084', 150000, 'Antoine Griezmann', 'Atacante');
INSERT INTO JOGADOR (ID_FIFA, SALARIO, NOME, FUNCAO) VALUES('0085', 130000, 'Anthony Martial', 'Atacante');

INSERT INTO JOGADOR (ID_FIFA, SALARIO, NOME, FUNCAO) VALUES('0086', 180000, 'Cristiano Ronaldo', 'Atacante');
INSERT INTO JOGADOR (ID_FIFA, SALARIO, NOME, FUNCAO) VALUES('0087', 150000, 'Bernardo Silva', 'Meio-Campo');
INSERT INTO JOGADOR (ID_FIFA, SALARIO, NOME, FUNCAO) VALUES('0088', 130000, 'João Cancelo', 'Lateral Direito');
INSERT INTO JOGADOR (ID_FIFA, SALARIO, NOME, FUNCAO) VALUES('0089', 140000, 'Diogo Jota', 'Atacante');
INSERT INTO JOGADOR (ID_FIFA, SALARIO, NOME, FUNCAO) VALUES('0090', 120000, 'Rúben Dias', 'Zagueiro');
INSERT INTO JOGADOR (ID_FIFA, SALARIO, NOME, FUNCAO) VALUES('0091', 160000, 'João Moutinho', 'Meio-Campo');
INSERT INTO JOGADOR (ID_FIFA, SALARIO, NOME, FUNCAO) VALUES('0092', 110000, 'Rúben Neves', 'Volante');
INSERT INTO JOGADOR (ID_FIFA, SALARIO, NOME, FUNCAO) VALUES('0093', 170000, 'Bruno Fernandes', 'Meio-Campo');
INSERT INTO JOGADOR (ID_FIFA, SALARIO, NOME, FUNCAO) VALUES('0094', 190000, 'Diogo Dalot', 'Lateral Direito');
INSERT INTO JOGADOR (ID_FIFA, SALARIO, NOME, FUNCAO) VALUES('0095', 100000, 'André Silva', 'Atacante');
INSERT INTO JOGADOR (ID_FIFA, SALARIO, NOME, FUNCAO) VALUES('0096', 140000, 'Danilo Pereira', 'Volante');

INSERT INTO PARTICIPA(SELECAO_COD, COPA_ANO, COLOCACAO, TECNICO_ID) VALUES ('BRA', '2014', 1, '0001');
INSERT INTO PARTICIPA(SELECAO_COD, COPA_ANO, COLOCACAO, TECNICO_ID) VALUES ('ESP', '2014', 2, '0003');
INSERT INTO PARTICIPA(SELECAO_COD, COPA_ANO, COLOCACAO, TECNICO_ID) VALUES ('GER', '2014', 3, '0002');
INSERT INTO PARTICIPA(SELECAO_COD, COPA_ANO, COLOCACAO, TECNICO_ID) VALUES ('ENG', '2014', 4, '0004');
INSERT INTO PARTICIPA(SELECAO_COD, COPA_ANO, COLOCACAO, TECNICO_ID) VALUES ('ARG', '2014', 5, '0005');
INSERT INTO PARTICIPA(SELECAO_COD, COPA_ANO, COLOCACAO, TECNICO_ID) VALUES ('FRA', '2014', 6, '0006');
INSERT INTO PARTICIPA(SELECAO_COD, COPA_ANO, COLOCACAO, TECNICO_ID) VALUES ('ITA', '2014', 7, '0007');
INSERT INTO PARTICIPA(SELECAO_COD, COPA_ANO, COLOCACAO, TECNICO_ID) VALUES ('POR', '2014', 8, '0008');

INSERT INTO JOGADOR_CONVOCADO (JOGADOR_ID, SELECAO_COD, COPA_ANO) VALUES ('0009', 'BRA', '2014');
INSERT INTO JOGADOR_CONVOCADO (JOGADOR_ID, SELECAO_COD, COPA_ANO) VALUES ('0010', 'BRA', '2014');
INSERT INTO JOGADOR_CONVOCADO (JOGADOR_ID, SELECAO_COD, COPA_ANO) VALUES ('0011', 'BRA', '2014');
INSERT INTO JOGADOR_CONVOCADO (JOGADOR_ID, SELECAO_COD, COPA_ANO) VALUES ('0012', 'BRA', '2014');
INSERT INTO JOGADOR_CONVOCADO (JOGADOR_ID, SELECAO_COD, COPA_ANO) VALUES ('0013', 'BRA', '2014');
INSERT INTO JOGADOR_CONVOCADO (JOGADOR_ID, SELECAO_COD, COPA_ANO) VALUES ('0014', 'BRA', '2014');
INSERT INTO JOGADOR_CONVOCADO (JOGADOR_ID, SELECAO_COD, COPA_ANO) VALUES ('0015', 'BRA', '2014');
INSERT INTO JOGADOR_CONVOCADO (JOGADOR_ID, SELECAO_COD, COPA_ANO) VALUES ('0016', 'BRA', '2014');
INSERT INTO JOGADOR_CONVOCADO (JOGADOR_ID, SELECAO_COD, COPA_ANO) VALUES ('0017', 'BRA', '2014');
INSERT INTO JOGADOR_CONVOCADO (JOGADOR_ID, SELECAO_COD, COPA_ANO) VALUES ('0018', 'BRA', '2014');
INSERT INTO JOGADOR_CONVOCADO (JOGADOR_ID, SELECAO_COD, COPA_ANO) VALUES ('0019', 'BRA', '2014');

INSERT INTO JOGADOR_CONVOCADO (JOGADOR_ID, SELECAO_COD, COPA_ANO) VALUES ('0020', 'GER', '2014');
INSERT INTO JOGADOR_CONVOCADO (JOGADOR_ID, SELECAO_COD, COPA_ANO) VALUES ('0021', 'GER', '2014');
INSERT INTO JOGADOR_CONVOCADO (JOGADOR_ID, SELECAO_COD, COPA_ANO) VALUES ('0022', 'GER', '2014');
INSERT INTO JOGADOR_CONVOCADO (JOGADOR_ID, SELECAO_COD, COPA_ANO) VALUES ('0023', 'GER', '2014');
INSERT INTO JOGADOR_CONVOCADO (JOGADOR_ID, SELECAO_COD, COPA_ANO) VALUES ('0024', 'GER', '2014');
INSERT INTO JOGADOR_CONVOCADO (JOGADOR_ID, SELECAO_COD, COPA_ANO) VALUES ('0025', 'GER', '2014');
INSERT INTO JOGADOR_CONVOCADO (JOGADOR_ID, SELECAO_COD, COPA_ANO) VALUES ('0026', 'GER', '2014');
INSERT INTO JOGADOR_CONVOCADO (JOGADOR_ID, SELECAO_COD, COPA_ANO) VALUES ('0027', 'GER', '2014');
INSERT INTO JOGADOR_CONVOCADO (JOGADOR_ID, SELECAO_COD, COPA_ANO) VALUES ('0028', 'GER', '2014');
INSERT INTO JOGADOR_CONVOCADO (JOGADOR_ID, SELECAO_COD, COPA_ANO) VALUES ('0029', 'GER', '2014');
INSERT INTO JOGADOR_CONVOCADO (JOGADOR_ID, SELECAO_COD, COPA_ANO) VALUES ('0030', 'GER', '2014');

INSERT INTO JOGADOR_CONVOCADO (JOGADOR_ID, SELECAO_COD, COPA_ANO) VALUES ('0031', 'ENG', '2014');
INSERT INTO JOGADOR_CONVOCADO (JOGADOR_ID, SELECAO_COD, COPA_ANO) VALUES ('0032', 'ENG', '2014');
INSERT INTO JOGADOR_CONVOCADO (JOGADOR_ID, SELECAO_COD, COPA_ANO) VALUES ('0033', 'ENG', '2014');
INSERT INTO JOGADOR_CONVOCADO (JOGADOR_ID, SELECAO_COD, COPA_ANO) VALUES ('0034', 'ENG', '2014');
INSERT INTO JOGADOR_CONVOCADO (JOGADOR_ID, SELECAO_COD, COPA_ANO) VALUES ('0035', 'ENG', '2014');
INSERT INTO JOGADOR_CONVOCADO (JOGADOR_ID, SELECAO_COD, COPA_ANO) VALUES ('0036', 'ENG', '2014');
INSERT INTO JOGADOR_CONVOCADO (JOGADOR_ID, SELECAO_COD, COPA_ANO) VALUES ('0037', 'ENG', '2014');
INSERT INTO JOGADOR_CONVOCADO (JOGADOR_ID, SELECAO_COD, COPA_ANO) VALUES ('0038', 'ENG', '2014');
INSERT INTO JOGADOR_CONVOCADO (JOGADOR_ID, SELECAO_COD, COPA_ANO) VALUES ('0039', 'ENG', '2014');
INSERT INTO JOGADOR_CONVOCADO (JOGADOR_ID, SELECAO_COD, COPA_ANO) VALUES ('0040', 'ENG', '2014');
INSERT INTO JOGADOR_CONVOCADO (JOGADOR_ID, SELECAO_COD, COPA_ANO) VALUES ('0041', 'ENG', '2014');

INSERT INTO JOGADOR_CONVOCADO (JOGADOR_ID, SELECAO_COD, COPA_ANO) VALUES ('0042', 'ESP', '2014');
INSERT INTO JOGADOR_CONVOCADO (JOGADOR_ID, SELECAO_COD, COPA_ANO) VALUES ('0043', 'ESP', '2014');
INSERT INTO JOGADOR_CONVOCADO (JOGADOR_ID, SELECAO_COD, COPA_ANO) VALUES ('0044', 'ESP', '2014');
INSERT INTO JOGADOR_CONVOCADO (JOGADOR_ID, SELECAO_COD, COPA_ANO) VALUES ('0045', 'ESP', '2014');
INSERT INTO JOGADOR_CONVOCADO (JOGADOR_ID, SELECAO_COD, COPA_ANO) VALUES ('0046', 'ESP', '2014');
INSERT INTO JOGADOR_CONVOCADO (JOGADOR_ID, SELECAO_COD, COPA_ANO) VALUES ('0047', 'ESP', '2014');
INSERT INTO JOGADOR_CONVOCADO (JOGADOR_ID, SELECAO_COD, COPA_ANO) VALUES ('0048', 'ESP', '2014');
INSERT INTO JOGADOR_CONVOCADO (JOGADOR_ID, SELECAO_COD, COPA_ANO) VALUES ('0049', 'ESP', '2014');
INSERT INTO JOGADOR_CONVOCADO (JOGADOR_ID, SELECAO_COD, COPA_ANO) VALUES ('0050', 'ESP', '2014');
INSERT INTO JOGADOR_CONVOCADO (JOGADOR_ID, SELECAO_COD, COPA_ANO) VALUES ('0051', 'ESP', '2014');
INSERT INTO JOGADOR_CONVOCADO (JOGADOR_ID, SELECAO_COD, COPA_ANO) VALUES ('0052', 'ESP', '2014');

INSERT INTO JOGADOR_CONVOCADO (JOGADOR_ID, SELECAO_COD, COPA_ANO) VALUES ('0053', 'ARG', '2014');
INSERT INTO JOGADOR_CONVOCADO (JOGADOR_ID, SELECAO_COD, COPA_ANO) VALUES ('0054', 'ARG', '2014');
INSERT INTO JOGADOR_CONVOCADO (JOGADOR_ID, SELECAO_COD, COPA_ANO) VALUES ('0055', 'ARG', '2014');
INSERT INTO JOGADOR_CONVOCADO (JOGADOR_ID, SELECAO_COD, COPA_ANO) VALUES ('0056', 'ARG', '2014');
INSERT INTO JOGADOR_CONVOCADO (JOGADOR_ID, SELECAO_COD, COPA_ANO) VALUES ('0057', 'ARG', '2014');
INSERT INTO JOGADOR_CONVOCADO (JOGADOR_ID, SELECAO_COD, COPA_ANO) VALUES ('0058', 'ARG', '2014');
INSERT INTO JOGADOR_CONVOCADO (JOGADOR_ID, SELECAO_COD, COPA_ANO) VALUES ('0059', 'ARG', '2014');
INSERT INTO JOGADOR_CONVOCADO (JOGADOR_ID, SELECAO_COD, COPA_ANO) VALUES ('0060', 'ARG', '2014');
INSERT INTO JOGADOR_CONVOCADO (JOGADOR_ID, SELECAO_COD, COPA_ANO) VALUES ('0061', 'ARG', '2014');
INSERT INTO JOGADOR_CONVOCADO (JOGADOR_ID, SELECAO_COD, COPA_ANO) VALUES ('0062', 'ARG', '2014');
INSERT INTO JOGADOR_CONVOCADO (JOGADOR_ID, SELECAO_COD, COPA_ANO) VALUES ('0063', 'ARG', '2014');

INSERT INTO JOGADOR_CONVOCADO (JOGADOR_ID, SELECAO_COD, COPA_ANO) VALUES ('0064', 'ITA', '2014');
INSERT INTO JOGADOR_CONVOCADO (JOGADOR_ID, SELECAO_COD, COPA_ANO) VALUES ('0065', 'ITA', '2014');
INSERT INTO JOGADOR_CONVOCADO (JOGADOR_ID, SELECAO_COD, COPA_ANO) VALUES ('0066', 'ITA', '2014');
INSERT INTO JOGADOR_CONVOCADO (JOGADOR_ID, SELECAO_COD, COPA_ANO) VALUES ('0067', 'ITA', '2014');
INSERT INTO JOGADOR_CONVOCADO (JOGADOR_ID, SELECAO_COD, COPA_ANO) VALUES ('0068', 'ITA', '2014');
INSERT INTO JOGADOR_CONVOCADO (JOGADOR_ID, SELECAO_COD, COPA_ANO) VALUES ('0069', 'ITA', '2014');
INSERT INTO JOGADOR_CONVOCADO (JOGADOR_ID, SELECAO_COD, COPA_ANO) VALUES ('0070', 'ITA', '2014');
INSERT INTO JOGADOR_CONVOCADO (JOGADOR_ID, SELECAO_COD, COPA_ANO) VALUES ('0071', 'ITA', '2014');
INSERT INTO JOGADOR_CONVOCADO (JOGADOR_ID, SELECAO_COD, COPA_ANO) VALUES ('0072', 'ITA', '2014');
INSERT INTO JOGADOR_CONVOCADO (JOGADOR_ID, SELECAO_COD, COPA_ANO) VALUES ('0073', 'ITA', '2014');
INSERT INTO JOGADOR_CONVOCADO (JOGADOR_ID, SELECAO_COD, COPA_ANO) VALUES ('0074', 'ITA', '2014');

INSERT INTO JOGADOR_CONVOCADO (JOGADOR_ID, SELECAO_COD, COPA_ANO) VALUES ('0075', 'FRA', '2014');
INSERT INTO JOGADOR_CONVOCADO (JOGADOR_ID, SELECAO_COD, COPA_ANO) VALUES ('0076', 'FRA', '2014');
INSERT INTO JOGADOR_CONVOCADO (JOGADOR_ID, SELECAO_COD, COPA_ANO) VALUES ('0077', 'FRA', '2014');
INSERT INTO JOGADOR_CONVOCADO (JOGADOR_ID, SELECAO_COD, COPA_ANO) VALUES ('0078', 'FRA', '2014');
INSERT INTO JOGADOR_CONVOCADO (JOGADOR_ID, SELECAO_COD, COPA_ANO) VALUES ('0079', 'FRA', '2014');
INSERT INTO JOGADOR_CONVOCADO (JOGADOR_ID, SELECAO_COD, COPA_ANO) VALUES ('0080', 'FRA', '2014');
INSERT INTO JOGADOR_CONVOCADO (JOGADOR_ID, SELECAO_COD, COPA_ANO) VALUES ('0081', 'FRA', '2014');
INSERT INTO JOGADOR_CONVOCADO (JOGADOR_ID, SELECAO_COD, COPA_ANO) VALUES ('0082', 'FRA', '2014');
INSERT INTO JOGADOR_CONVOCADO (JOGADOR_ID, SELECAO_COD, COPA_ANO) VALUES ('0083', 'FRA', '2014');
INSERT INTO JOGADOR_CONVOCADO (JOGADOR_ID, SELECAO_COD, COPA_ANO) VALUES ('0084', 'FRA', '2014');
INSERT INTO JOGADOR_CONVOCADO (JOGADOR_ID, SELECAO_COD, COPA_ANO) VALUES ('0085', 'FRA', '2014');

INSERT INTO JOGADOR_CONVOCADO (JOGADOR_ID, SELECAO_COD, COPA_ANO) VALUES ('0086', 'POR', '2014');
INSERT INTO JOGADOR_CONVOCADO (JOGADOR_ID, SELECAO_COD, COPA_ANO) VALUES ('0087', 'POR', '2014');
INSERT INTO JOGADOR_CONVOCADO (JOGADOR_ID, SELECAO_COD, COPA_ANO) VALUES ('0088', 'POR', '2014');
INSERT INTO JOGADOR_CONVOCADO (JOGADOR_ID, SELECAO_COD, COPA_ANO) VALUES ('0089', 'POR', '2014');
INSERT INTO JOGADOR_CONVOCADO (JOGADOR_ID, SELECAO_COD, COPA_ANO) VALUES ('0090', 'POR', '2014');
INSERT INTO JOGADOR_CONVOCADO (JOGADOR_ID, SELECAO_COD, COPA_ANO) VALUES ('0091', 'POR', '2014');
INSERT INTO JOGADOR_CONVOCADO (JOGADOR_ID, SELECAO_COD, COPA_ANO) VALUES ('0092', 'POR', '2014');
INSERT INTO JOGADOR_CONVOCADO (JOGADOR_ID, SELECAO_COD, COPA_ANO) VALUES ('0093', 'POR', '2014');
INSERT INTO JOGADOR_CONVOCADO (JOGADOR_ID, SELECAO_COD, COPA_ANO) VALUES ('0094', 'POR', '2014');
INSERT INTO JOGADOR_CONVOCADO (JOGADOR_ID, SELECAO_COD, COPA_ANO) VALUES ('0095', 'POR', '2014');
INSERT INTO JOGADOR_CONVOCADO (JOGADOR_ID, SELECAO_COD, COPA_ANO) VALUES ('0096', 'POR', '2014');

INSERT INTO TREINAMENTO(JOGADOR_ID, ESTADIO_NOME, DATA) VALUES ('0010', 'Mineirão', '2014-06-06');
INSERT INTO TREINAMENTO(JOGADOR_ID, ESTADIO_NOME, DATA) VALUES ('0011', 'Mineirão', '2014-06-08');
INSERT INTO TREINAMENTO(JOGADOR_ID, ESTADIO_NOME, DATA) VALUES ('0012', 'Mineirão', '2014-06-09');
INSERT INTO TREINAMENTO(JOGADOR_ID, ESTADIO_NOME, DATA) VALUES ('0013', 'Mineirão', '2014-06-10');

INSERT INTO TREINAMENTO(JOGADOR_ID, ESTADIO_NOME, DATA) VALUES ('0021', 'Beira-Rio', '2014-06-06');
INSERT INTO TREINAMENTO(JOGADOR_ID, ESTADIO_NOME, DATA) VALUES ('0022', 'Beira-Rio', '2014-06-10');
INSERT INTO TREINAMENTO(JOGADOR_ID, ESTADIO_NOME, DATA) VALUES ('0023', 'Beira-Rio', '2014-06-08');
INSERT INTO TREINAMENTO(JOGADOR_ID, ESTADIO_NOME, DATA) VALUES ('0024', 'Beira-Rio', '2014-06-09');

INSERT INTO PATROCINIO(COPA_ANO, PATROCINADOR_CNPJ, SELECAO_COD) VALUES ('2014', '12345678901234', 'BRA');
INSERT INTO PATROCINIO(COPA_ANO, PATROCINADOR_CNPJ, SELECAO_COD) VALUES ('2014', '98765432101234', 'GER');
